id,role,company_id,name_cleaned
1,CTO,1,Nathan Blecharczyk
2,CEO,1,Brian Chesky
3,Other,1,Joe Gebbia
4,CTO,2,Curtis Liu
5,CEO,2,Spenser Skates
6,Other,3,Andy Fang
7,Other,3,Stanley Tang
8,CEO,3,Tony Xu
9,CEO,4,Brian Armstrong
10,,5,Arash Ferdowsi
11,CEO,5,Drew Houston
12,CTO,6,Brandon Moak
13,CEO,6,Alex Rodrigues
14,Other,7,Barry Canton
15,Other,7,Austin Che
16,Other,7,Jason Kelly
17,Other,7,Tom Knight
18,Other,7,Reshma Shetty
19,Other,8,Debkishore Mitra
20,Other,9,Matt Bell
21,CTO,9,David Gausebeck
22,Other,11,Baskar Puvanathasan
23,CTO,11,Alex Solomon
24,CEO,13,Chad Rigetti
25,CTO,14,Clint Berry
26,CEO,14,Brandon Rodman
27,COO,14,Jared Rodman
28,CEO,15,Sid Sijbrandij
29,CTO,15,Dmitriy Zaporozhets
30,President,16,John Collison
31,Other,16,Patrick Collison
32,Other,17,Brandon Leonardo
33,CEO,17,Apoorva Mehta
34,,17,Max Mullen
35,CEO,18,Kyle Vogt
36,COO,18,Daniel Kan
37,CEO,19,Devin Finzer
38,,19,Alex Atallah
39,CTO,20,Marcelo Cortes
40,Other,20,Daniele Perito
41,CEO,20,Max Rhodes
42,CEO,21,Henrique Dubugras
43,Other,21,Pedro Franceschi
44,CEO,22,Alex Bouaziz
45,Other,22,Shuo Wang
46,CEO,23,Parker Conrad
47,CTO,23,Prasanna S
48,CEO,24,Steve Huffman
49,Other,25,Edward Kim
50,Other,25,Tomer London
51,CEO,25,Josh Reeves
52,CEO,26,Ryan Petersen
53,Other,27,Shashank Kumar
54,CEO,27,Harshil Mathur
55,CEO,28,Alexandr Wang
56,CEO,29,Sajith Wickramasekara
57,COO,30,Taylor Brown
58,Other,30,George Fraser
59,CEO,31,Simon Borrero
60,Other,31,Sebastian Mejia
61,Other,31,Felipe Villamarin
62,CEO,32,Daniel Yanisse
63,CTO,32,Jonathan Perichon
64,,33,Wade Foster
65,President,33,Mike Knoop
66,Other,33,Bryan Helmig
67,CEO,34,Vidit Aatrey
68,CTO,34,Sanjeev Barnwal
69,CTO,35,Jonas Templestein
70,CEO,36,Tim Ellis
71,Other,37,Logan Head
72,CEO,37,Grant Lafontaine
73,CTO,38,Bryant Chou
74,Other,38,Sergie Magdalin
75,Other,38,Vlad Magdalin
76,CTO,39,Bob Violier
77,CEO,39,Robert Vis
78,Other,39,Joey Van Ommen
79,CTO,40,Matt Feury
80,CEO,40,Garrett Langley
81,CTO,41,Grant Goodale
82,CEO,41,Daniel Lewis
83,Other,42,Jeff Lowe
84,Other,42,Matthew Mcdonald
85,Other,42,Jabbok Schlacks
86,President,42,William Schlacks
87,Other,42,Brad Siegler
88,Other,43,Eddy Lu
89,Other,43,Daishin Sugano
90,CEO,44,David Hsu
91,CEO,45,Mike Xu
92,,46,Calvin French-Owen
93,,46,Ilya Volodarsky
94,CEO,47,Jason Boehmig
95,CTO,47,Cai Gogwilt
96,Other,48,Aca Adekoya
97,Other,48,Olugbenga Gb Agboola
98,,49,Dennis Steele
99,CEO,49,Eric Rea
100,CTO,50,Bo Chen
101,Other,50,Juan Gonzalez
102,CEO,50,Moses Lo
103,Other,51,Ishan Bansal
104,COO,51,Harsh Jain
105,CEO,51,Lalit Keshre
106,Other,51,Neeraj Singh
107,Other,52,Nicholas Grandy
108,Other,52,Amir Nathoo
109,CEO,53,Jack Altman
110,CEO,54,David Kirtley
111,CTO,54,Chris Pihl
112,CEO,55,Matt Robinson
113,CEO,55,Hiroki Takeuchi
114,CEO,56,Nicolas Dessaigne
115,CTO,56,Julien Lemoine
116,CEO,57,Spike Lipkin
117,CTO,57,Gordon Wintrob
118,Other,58,Gaurab Chakrabarti
119,CTO,58,Sean Hunt
120,CEO,59,Andrew Barnes
121,Other,59,Chris Eigeland
122,CTO,59,Chris Hood
123,Other,59,Vu Tran
124,CEO,60,Solomon Hykes
125,,61,Dileep Thazhmon
126,,62,Matt Marcus
127,,62,Sam Aarons
128,CEO,62,Dimitri Dadiomov
129,CEO,63,Alexander Kates
130,Other,63,Mitchell Kates
131,Other,64,Divey Gulati
132,Other,64,Dhruv Saxena
133,Other,65,Will Canine
134,Other,65,Chiu Chau
135,Other,66,Jason Tan
136,CEO,67,Drew Durbin
137,Other,67,Lincoln Quirk
138,CEO,68,Mathilde Colin
139,CTO,68,Laurent Perrin
140,CEO,69,Christina Cacioppo
141,Other,70,Umar Afridi
142,Other,70,Sid Viswanathan
143,,71,Matt Schulman
144,CEO,72,Rob Mcginnis
145,,73,Adam Brown
146,CEO,73,Jon Dahl
147,Other,73,Steve Heffernan
148,,73,Matthew Mcclure
149,President,74,Chris Hull
150,CTO,74,Jp Morgan
151,,74,Dave Rogenmoser
152,Other,75,Deepika Bodapati
153,Other,75,Tanay Tandon
154,CEO,76,Aaron King
155,Other,77,Jarrett Streebin
156,President,78,Matt Debergalis
157,CTO,78,Nick Martin
158,CEO,78,Geoff Schmidt
159,Other,79,Mukul Dhankhar
160,CEO,79,Abhinai Srivastava
161,CEO,80,Talha Sattar
162,COO,81,Janer Gorohhov
163,CEO,81,Kaarel Kotkas
164,,82,John Lafleur
165,,82,Michel Tricot
166,CEO,83,Andrew Parker
167,COO,83,Alfredo Vaamonde
168,CEO,84,Roey Eliyahu
169,CEO,85,John Gedmark
170,CTO,85,Ryan Mclinko
171,CEO,86,Wei Deng
172,Other,87,Jon Lerner
173,Other,87,Chandan Lodha
174,CEO,88,Yahya Mokhtarzada
175,,88,Haroon Mokhtarzada
176,CTO,88,Idris Mokhtarzada
177,CEO,89,Mark Schopmeyer
178,Other,89,Conway Teng
179,CTO,89,Hubert Wong
180,CEO,90,Sam Chaudhary
181,CTO,90,Liam Don
182,CEO,91,Steven Bartel
183,,91,Nick Bushak
184,,92,Lu Cheng
185,,92,Rujul Zaparde
186,CEO,93,Alyson Watson
187,CTO,94,Alexander Klizhentas
188,COO,94,Taylor Wakefield
189,CEO,94,Ev Kontsevoy
190,CEO,95,Blake Scholl
191,,96,Clayton Gardner
192,,96,Joe Percoco
193,CTO,96,Max Bernardy
194,CTO,97,Philip Camilleri
195,CEO,97,Michael Carvin
196,CEO,98,Oleg Rogynskyy
197,CEO,99,John S. Kim
198,Other,99,Brandon Jeon
199,CTO,99,Harry Kim
200,Other,101,Ryan Neu
201,CEO,103,Zahir Dossa
202,Chief,103,Hien Kaplan
203,COO,103,Joshua Maciejewski
204,,104,Anderson Sumarli
205,,104,Yada Piyajomkwan
206,CEO,105,Jordan Fisher
207,Other,105,John Novak
208,COO,105,Michael Suswal
209,Other,105,David Valdman
210,Other,106,Oguzhan Atay
211,CTO,106,David Tsao
212,,107,Emmett Shear
213,COO,108,Ravi Parikh
214,CEO,108,Matin Movassate
215,Other,109,Fabian Gomez Gutierrez
216,,110,Roy Chung
217,,110,Ray Li
218,CEO,110,Tim Zheng
219,CTO,111,Ralph Gootee
220,,111,Ryan Sutton-Gee
221,CEO,111,Tracy Young
222,Other,112,Aadit Palicha
223,Other,112,Kaivalya Vohra
224,,113,Maximiliano Casal
225,CEO,113,Alfonso De Los Rios Villarreal
226,CEO,114,Keith Ryu
227,Other,115,Haya Abdalla
228,Other,115,Amjad Masad
229,,116,Harshita Arora
230,,116,Vignan Velivela
231,CEO,117,Swapnil Jain
232,Other,117,Sharath Keshava Narayana
233,Other,117,Akash Singh
234,CEO,118,Kyle Mack
235,Other,118,Kurt Ruppel
236,CEO,119,Songe Laron
237,President,119,Dave Salvant
238,Other,120,Ariel Katz
239,Other,120,Ian Sax
240,Other,121,Luana Lopes Lara
241,Other,121,Tarek Mansour
242,CCO,122,Urska Srsen
243,,122,Sandro Mur
244,CTO,123,Joshua Augustin
245,CEO,123,Moawia Eldeeb
246,Other,124,Kumail Jaffer
247,Other,124,Phillip Wang
248,,125,Paul Copplestone
249,,125,Anthony Wilson
250,President,126,Xan Tanner
251,CEO,126,Aaron Feuer
252,CEO,127,Joris Poort
253,CTO,127,Adam Mckenzie
254,CEO,128,Joe Ariel
255,President,128,Joel Gillman
256,CTO,128,Trevor Stow
257,Other,128,Vanessa Torrivilla
258,Other,129,Budi Handoko
259,Other,129,Phil Opamuratawongse
260,,130,Alexis Patjane
261,CEO,131,Chris Best
262,COO,131,Hamish Mckenzie
263,,131,Jairaj Sethi
264,,132,Colin Turner
265,,132,Alex Beller
266,CEO,132,Adam Turner
267,Other,133,Dhanesh Kumar
268,CEO,133,Ravish Naresh
269,Other,133,Ashish Sonone
270,Other,134,Nikhil Mathew
271,Other,134,Jaleh Rezaei
272,CEO,135,William Patterson
273,COO,135,Sofia Pessanha
274,Other,136,Esteban Casta√±o
275,Other,136,Rahul Raina
276,,137,Nick Raushenbush
277,CEO,137,Finbarr Taylor
278,CEO,138,Sumir Meghani
279,Other,139,Jefriyanto
280,Other,139,Hendra Kwik
281,Other,139,Ricky Winata
282,CEO,140,Sam Hodges
283,CTO,141,Nate Smith
284,COO,142,Adam Hansmann
285,CEO,142,Alex Mather
286,CEO,143,Art Agrawal
287,CTO,143,Musawir Shah
288,President,143,Lina Zhang
289,CEO,144,Zach Sims
290,,145,Yoshi Yokokawa
291,CTO,145,Hitoshi Harada
292,Other,146,Phaedra Ellis-Lamkins
293,Other,146,Diana Frappier
294,COO,147,Troy Demmer
295,CEO,147,Jake Loosararian
296,CTO,148,Nikita Shamgunov
297,CEO,149,Joey Grassia
298,CEO,149,Alvin Salehi
299,,150,Mohandass Kalaichelvan
300,,150,Isaq Ahmed Mukthar
301,Other,151,Srivatsan Chari
302,CEO,151,Archit Gupta
303,CTO,151,Ankit Solanki
304,,152,Alexander Meek
305,,152,Paul Huelskamp
306,CEO,153,Edwin Olson
307,CTO,154,Viktor Benei
308,,154,Daniel Balla
309,CEO,154,Barnabas Birmacher
310,Other,155,Sam Browne
311,Other,155,Alex Rose
312,,156,Kashish Gupta
313,,156,Tejas Manohar
314,,156,Joshua Curl
315,,157,Drew Durbin
316,,157,Lincoln Quirk
317,CEO,158,Aarjav Trivedi
318,CEO,159,Fredrik Thomassen
319,Other,160,Dan Carroll
320,CEO,160,Tyler Bosmeny
321,CTO,160,Rafael Garcia
322,CEO,161,Trip Adler
323,Other,161,Tikhon Bernstam
324,CEO,162,Abraham Heifets
325,CTO,162,Izhar Wallach
326,Other,163,James Burkhardt
327,Other,163,Tim Griffin
328,CTO,164,Troy Astorino
329,CEO,164,Noga Leviner
330,Other,165,Daryna Kulya
331,CEO,165,Mahyar Raissi
332,CMO,166,Patrick Chandler
333,CEO,166,Khalil Zahar
334,CTO,166,Alexandre Marcotte
335,CEO,167,Omri Mor
336,,167,Tom Harel
337,,168,Jamie Marshall
338,CEO,168,Kevin Tan
339,,169,Muneeb Ali
340,,169,Ryan Shea
341,Other,170,Joao Costa
342,Other,170,Adhemar Milani Neto
343,CEO,171,Magi Richani
344,CTO,172,Todd Persen
345,CTO,172,Paul Dix
346,CEO,173,Leore Avidar
347,Other,173,Harry Zhang
348,,174,Ruben A. Harris
349,,174,Artur Meyster
350,,174,Timur Meyster
351,CEO,175,Omar Gabr
352,CEO,175,Moataz Soliman
353,Other,176,Kelby Green
354,CEO,176,Dan Ryan
355,Other,177,Joe Root
356,Other,177,Tim Spratt
357,CTO,178,Massimo Andreasi Bassi
358,CEO,178,Matteo Franceschetti
359,CMO,178,Alexandra Zatarain
360,Other,179,Lee Liu
361,Other,179,Chris Nguyen
362,CEO,180,Alex Cyriac
363,COO,180,Shobin Uralil
364,,181,Diego Saez Gil
365,,181,Tomas Aftalion
366,CEO,182,Vivek Ravisankar
367,Other,182,Harishankaran
368,CEO,183,Katherine Homuth
369,,184,Bar Geron
370,,184,Yoni Shuster
371,Other,185,Julien Brissonneau
372,CTO,185,Aymeric Rabot
373,CEO,185,Samir Shah
374,Other,186,Ahmed Beshry
375,CEO,186,Lindon Gao
376,Other,186,Yilin Huang
377,Other,187,Michael Bach
378,CEO,187,Vishal Joshi
379,CTO,187,Kaiwalya Kher
380,CEO,188,Andrew Peek
381,Other,189,Tom Bates
382,Other,189,Steve Domin
383,CTO,190,Ram Jayaraman
384,CEO,190,Bhavuk Kaul
385,COO,191,Keegan Walden
386,CEO,191,Cameron Yarbrough
387,CEO,192,Ian Tien
388,CEO,193,Rajat Suri
389,CEO,194,Pushkar Mukewar
390,CEO,195,Brandon Alexander
391,CTO,195,Jonathan Binney
392,,196,Miguel Carranza
393,,196,Jacob Eiting
394,CEO,197,Gabriel Leydon
395,CTO,197,Halbert Nakagawa
396,Other,197,Mike Sherrill
397,Other,198,Michael Rendy Haryadi Tanuwidjaja
398,Other,198,Steven Wongsoredjo
399,CTO,199,Simon Ratner
400,CEO,199,Denis Mars
401,CEO,200,Misha Esipov
402,COO,200,Nicky Goulimis
403,,201,Christian Van Der Henst
404,CEO,201,Freddy Vega üíö
405,Other,202,Will Kim
406,Other,202,Eric Wei
407,,203,Max Kolysh
408,,203,Anvisha Pai
409,,203,George Carollo
410,CEO,204,Stephen Kuhl
411,,204,Kabeer Chopra
412,Other,205,Ivana Djuretic
413,Other,205,Andy Yeung
414,Other,206,Gaurav Kumar
415,Other,206,Harsh Pokharna
416,Other,206,Aditya Prasad
417,CEO,207,Ryan Chan
418,,208,Pete Koomen
419,CEO,208,Dan Siroker
420,Other,209,Norman M√ºller
421,Other,209,Rene Serrano
422,,210,Mattan Griffel
423,,210,Zack Gray
424,Other,211,Richard Aberman
425,CEO,211,Bill Clerico
426,Other,212,Jin Stedge
427,Other,212,Sanjaya Wijeratne
428,,213,Nate Fox
429,CEO,213,Nate Maslak
430,,214,Patrick Mrozowski
431,,214,Kenan Pulak
432,,214,Sid Parihar
433,CEO,215,Scott Stephenson
434,CTO,216,Matt Ball
435,CEO,216,Will Patrick
436,CEO,217,David Rabie
437,CTO,217,Bryan Wilcox
438,CEO,218,David Rusenko
439,CTO,218,Chris Fanini
440,Other,218,Dan Veltri
441,CEO,219,Pierre Betouin
442,CTO,219,Jean-Baptiste Aviat
443,CEO,220,Alex Polvi
444,CEO,221,Austen Allred
445,,222,Roger Kirkness
446,,222,Chris Grouchy
447,,223,Auston Bunsen
448,,223,Dmitry Shklovsky
449,,223,Manuel Kreutz
450,,223,Alexander Nabutovsky
451,Other,224,Rafael Stark
452,Other,225,Mostafa Amin
453,Other,225,Muhammad Habib
454,Other,225,Abdallah Nofal
455,Other,226,Orion Henry
456,Other,226,James Lindenbaum
457,CTO,226,Adam Wiggins
458,CEO,227,Igino Cafiero
459,Other,227,Aubrey Donnellan
460,,228,Gregory Rocco
461,,228,Wayne Chang
462,CEO,229,Deepak Chhugani
463,,230,Yin Wu
464,Other,231,Kevin Law
465,Other,231,Sameer Shariff
466,CEO,232,Alice Zhang
467,CEO,233,Yusuf Sherwani
468,,233,Maroof Ahmed
469,Chief,233,Sarim Siddiqui
470,Other,234,Ian Christopher
471,CEO,234,Mudit Garg
472,Other,234,Brent Newhouse
473,President,235,Matthew Mayaki
474,CEO,235,Femi Kuti
475,COO,235,Opeyemi Olumekun
476,CTO,236,Koby Jacob Soto
477,CEO,236,Amiad Soto
478,Other,237,Diego Rey
479,,237,Jason Springs
480,,237,Leonardo Teixeira
481,COO,238,Blake Meulmester
482,CEO,238,Charlie Warren
483,Other,239,Idan Hershko
484,CTO,239,Nir Smadar
485,CEO,239,Dekel Valtzer
486,CTO,240,Neal O'Mara
487,CEO,240,Joseph Walla
488,,241,Giovanni Casinelli
489,CEO,241,Andrea Baronchelli
490,,242,Eric Futoran
491,,242,Fredric Newberg
492,CEO,243,Drodio - Daniel R. Odio
493,Other,243,Ben Mappen
494,CTO,243,Isaac Mosquera
495,Other,244,Tulio Jimenez
496,Other,244,Manuela Sanchez
497,Other,244,Camilo Sanchez
498,,245,Aziz Alghunaim
499,,245,Mahmoud Ghulman
500,Other,246,Kwindla Hultman Kramer
501,,247,Naeem Ahmed
502,,247,Vasil Damyanov
503,,247,John Thomas
504,Other,249,Ted Blosser
505,COO,249,Arsh Mand
506,Other,250,Tom Lemberg
507,Other,251,Vikesh Khanna
508,CEO,251,Shikhar Shrestha
509,CEO,252,Joe Doliner
510,Other,252,Joey Zwicker
511,,253,Ashish Dubey
512,,253,Dheeraj Jain
513,,253,Aditya Kandoi
514,CTO,254,Michael Kong
515,CEO,254,Kestrel Linder
516,,255,Chinmay Chauhan
517,,255,Abhinay Peddisetty
518,CEO,256,Vasco Pedro
519,CTO,256,Jo√£o Gra√ßa
520,Other,256,Bruno Prezado Silva
521,Other,256,Hugo Silva
522,CEO,257,Puneet Mehta
523,CTO,258,Kunaal Naik
524,Other,258,Nisarg Patel
525,CEO,258,Manav Sevak
526,Other,259,Sam Alba
527,Other,259,Solomon Hykes
528,Other,259,Andrea Luzzardi
529,Other,260,Stephen Grabowski
530,Other,260,Joe Sarre
531,CEO,261,Greg Schvey
532,CTO,261,Jeffrey Schvey
533,CEO,262,Jay Reno
534,Other,263,Jordan Gonen
535,Other,263,Jacob Schein
536,Other,264,Dan Lin-Arlow
537,Other,264,Sebastian Palluk
538,Other,265,Reeju Datta
539,Other,265,Akash Sinha
540,CIO,266,Christian Timmerer
541,CEO,266,Stefan Lederer
542,CTO,266,Christopher Mueller
543,CEO,267,Joe Du Bey
544,Other,267,Guy Morita
545,CTO,267,Kyle Wilkinson
546,CEO,268,Pedro Pineda
547,,268,Agust√≠n Feuerhake
548,,268,Omar Larr√©
549,CTO,268,Andres Marinkovic
550,CEO,269,Conor Murray
551,CTO,269,Phillip Wei
552,Other,270,Carly Leahy
553,CEO,270,Afton Vechery
554,CTO,271,John Backus
555,CEO,271,Alain Meier
556,COO,271,Christopher Morton
557,Other,272,Dylan Fox
558,Other,273,Michael Dwan
559,Other,273,Jerome Gravel-Niquet
560,Other,273,Kurt Mackey
561,Other,273,Thomas Ptacek
562,CEO,274,Sondre Rasch
563,CTO,274,Sarah Sandnes
564,COO,274,Hans Nyvold Kjellby
565,Other,275,Greg Kidd
566,Other,275,Meg Nakamura
567,Other,276,Lauren Frazier
568,Other,276,Andy Tsen
569,Other,277,Eric Yu
570,Other,277,Peter Zhou
571,,278,Lucia Huang
572,,278,Jimmy Qian
573,,279,Aylon Steinhart
574,,279,Thomas Elliott Bowman
575,,280,Nicolas Knockaert
576,,280,Benjam√≠n Labra
577,CEO,281,Shola Akinlade
578,CTO,281,Ezra Olubi
579,Other,282,Alexis Rovner
580,,283,Kevin Bai
581,,283,Victor Cardenas
582,CEO,284,Nouman Ahmad
583,Other,284,Ian Burgess
584,COO,285,Daniel Kivatinos
585,CEO,285,Michael Nusimow
586,Other,286,Tom Feldman
587,Other,286,Andy Lapsa
588,,287,Slava Solonitsyn
589,,287,Dmitry Starodubtsev
590,Other,288,Jeff Berens
591,Other,288,Ryan Johnson
592,,289,Hanna Marie Asmussen
593,,289,Lisa Dahlke
594,,289,Franzi L√∂w
595,,290,Lluis Canadell
596,,290,Man Hei Lou
597,,291,Dk (Do Kyung) Lee
598,,291,Mark Lee
599,,293,Paul Gross
600,,293,Eric Harding
601,,293,Christina Reynolds
602,,294,Benji Encz
603,,294,Abhik Pramanik
604,Other,295,Abasi Ene-Obong
605,Other,295,Ogochukwu Francis Osifo
606,Other,296,Ife Oyedele Ii
607,Other,296,Obi Ozor
608,Other,297,Brian Gonzalez
609,Other,297,Matthew Lafferty
610,CEO,298,Robin Kim
611,CTO,299,Bede Jordan
612,CEO,299,Stefan Kalb
613,Other,300,Noureddine Tayebi
614,Other,300,El Mahdi Yettou
615,,301,Vicente Zavarce
616,,302,Brian Vallelunga
617,,302,Thomas Piccirello
618,CEO,303,Nick Tommarello
619,CTO,303,Greg Belote
620,Chief,304,Ben Thompson
621,CEO,304,Travis Kimmel
622,Other,305,Abhijeet Dwivedi
623,CTO,305,Laks Srini
624,Other,305,Hari Viswanathan
625,CEO,306,Matt Schiller
626,COO,307,Riku Lindholm
627,CTO,307,Albert Nazander
628,CEO,307,Kristian Ranta
629,,309,Michael Klinker
630,,309,Billy Thalheimer
631,CEO,310,Elizabeth Iorns
632,Other,310,Dan Knox
633,Other,311,Oriol Tintore
634,Other,311,Pablo Viguera
635,Other,312,Ivan Cardenas
636,Other,312,Jasiel Cardenas
637,,313,Allan (Amnon) Fisch
638,,313,Cj Isakow
639,,314,Jonathan Asmis
640,,314,Alex Lofton
641,,315,Francis Plaza
642,,315,Jaime Hing
643,CEO,316,Max Child
644,CTO,316,James Wilsterman
645,,317,Brad Dwyer
646,,317,Joseph Nelson
647,Other,318,Wilson Daniel Martinez
648,Other,318,Felipe Ot√°lora
649,Other,318,Sebasti√°n Valencia
650,,319,James Hawkins
651,,319,Tim Glaser
652,CEO,320,Bo Lu
653,,320,Jon Xu
654,,321,Khaled Kteily
655,,321,Sarah Steinle
656,Other,322,Christian Baroni
657,Other,322,Jin Chung
658,Other,322,Michael Demarais
659,,323,Juan Martin Altamirano
660,,323,Emiliano Segura
661,,323,Agustin Novillo Saravia
662,Other,324,Chris Davlantes
663,,325,Oliver Edholm
664,,325,Anton Osika
665,CTO,326,Pelumi Aboluwarin
666,CEO,326,Yinka Adewale
667,,327,Sambhav Jain
668,,327,Kush Taneja
669,CTO,328,George Melika
670,Other,328,Akbar Thobhani
671,,329,Sam Oshay
672,,330,Jack Chen
673,,330,Pei-Fu Hsieh
674,,330,Sunil Kumar
675,,330,Amit Jangir
676,,330,Bo Li
677,COO,331,Michael Cantalino
678,CEO,331,Francois Chaubard
679,CTO,332,James Cundle
680,CEO,332,Tom Hadfield
681,Chief,333,Andrey Klen
682,CTO,333,Alex (Sasha) Neskin
683,CEO,333,Yaroslav Azhnyuk
684,President,334,Jim Xiao
685,CTO,335,Jason Kraft
686,Other,335,Chris Upjohn
687,CTO,336,Shadi Saberi
688,CEO,336,Maryam Ziaei
689,,337,Jonas Blanck
690,Other,337,Mathias Thulin
691,,337,Carl Carell
692,CEO,337,Samir Smajic
693,CEO,338,Ray Sturm
694,CEO,339,Dmitrii Dumik
695,Other,339,Artem Ptashnik
696,COO,339,Andrew Yaroshevsky
697,CEO,340,Mark Ke
698,,341,Matthew Dukes
699,Other,341,Rachel Vodofsky
700,CEO,342,Rohit Mittal
701,Other,342,Priyank Singh
702,Other,343,Ken Baylor
703,CEO,344,Jesper Theil Thomsen
704,Other,344,Hjalte Emilio Wieth
705,COO,344,Christoffer Nyvold
706,COO,345,Brandon Anderson
707,Other,345,James Barrett
708,CTO,345,Chris Stewart
709,CEO,346,Matthew Sweeny
710,COO,347,Dave Messina
711,Chief,347,Jon Armstrong
712,CEO,347,Jarret Glasscock
713,Other,348,Mattias Lepp
714,CEO,349,Anna Santeramo
715,COO,350,Salvatore Savo
716,CTO,350,Siping Wang
717,Other,351,Chris Glace
718,Other,351,Adam Steinberg
719,COO,352,Jigar Patel
720,CEO,352,Ritesh Patel
721,CEO,353,Robyn Exton
722,Other,354,Travis Chase
723,CEO,354,Dave Gandy
724,Other,355,William Macaskill
725,CEO,355,Benjamin Todd
726,Other,355,Robert Wiblin
727,CEO,356,Mike Allen
728,CTO,356,Mark Godfrey
729,COO,357,Martin Kessler
730,CEO,357,Alexandre Wayenberg
731,Other,358,Mariya Nurislamova
732,CTO,358,Andrei Rebrov
733,CMO,358,Rachel Ten Brink
734,Other,359,Kartik Venkataraman
735,Other,359,Sandeep Srinivasa
736,Other,360,Harrison Steed
737,,360,Austin Steed
738,,361,Nilmi Senaratna
739,,362,Marc Lara
740,CEO,362,Miguel Lara
741,Other,363,Merih Akar
742,Other,363,Ismail Ceylan
743,CEO,363,Pelin Kenez
744,Other,363,Berk √áebi
745,CEO,364,Waqas Ali
746,Other,364,Sidra Qasim
747,CTO,365,Js Boulanger
748,CEO,365,George Favvas
749,CEO,366,Waseem Alim
750,Other,366,Zia Ashraf
751,CTO,366,Tejas Viswanath
752,,367,Chris Field
753,CEO,367,Darby Wong
754,CEO,368,Corey Centen
755,Other,368,Sarah Smith
756,CEO,369,Brian Bennett
757,,370,Fabio Fleitas
758,CEO,370,Carlos Vega
759,CEO,371,Borna Safabakhsh
760,CEO,372,Andy Moon
761,Other,373,Aren Sandersen
762,,374,Tony Lewis
763,CEO,374,Steve Albarran
764,Other,375,Elton Chan
765,Other,375,Jackie Kong
766,Other,375,Matt Li
767,Other,375,Tim Mak
768,CEO,376,Chris Molozian
769,COO,376,Mo Firouz
770,CTO,376,Andrei Mihu
771,CEO,377,Natasha Baker
772,Other,378,Scott Montgomerie
773,President,378,David Nedohin
774,CTO,379,Neil Chudleigh
775,Other,379,Bryn Jones
776,Other,379,Jonathan Mendes
777,Other,379,Luke Swanek
778,CEO,380,Jonathan Friedman
779,CEO,381,Ashley Wong
780,CEO,382,Brett Hagler
781,,382,Alexandria Lafci
782,,382,Matthew Marshall
783,CEO,383,Porter Braswell
784,President,383,Ryan Williams
785,Other,384,Saran Chari
786,Other,384,Joe Greenstein
787,Other,384,Semira Rahemtulla
788,,385,Rehman Merali
789,CEO,386,Jordan Brown
790,Other,386,Eric Kreutzer
791,CTO,387,Guillaume Luccisano
792,CEO,387,Ammon Bartram
793,,388,Brett Gibson
794,,388,Garry Tan
795,CEO,389,Jose M. Mejia Oneto
796,Chief,390,Neema Moraveji
797,CTO,390,Ben Yule
798,CEO,391,Jayant Kulkarni
799,COO,391,Adam Regelmann
800,CEO,392,Eugenia Kuyda
801,CEO,393,Iba Masood
802,CTO,393,Syed Ahmed
803,CEO,394,Kemar Newell
804,,395,Sebastian Punyaratabandhu Bhakdi
805,,395,Prapat Suriyaphol
806,Other,396,Darwin Lo
807,CEO,398,Nick Damiano
808,CTO,398,Shreya Mehta
809,CEO,399,Mark Datta
810,,400,Loren Baxter
811,CEO,400,Arthur Chang
812,,400,Andrew Ng
813,,400,Joe Pestro
814,Other,401,Alfonzo Brooks
815,CEO,401,Frederick Hutson
816,Other,402,Yan Ma
817,CEO,402,Neil Mathew
818,Other,402,Prasenjit Mukherjee
819,Other,403,Aleem Mawani
820,CTO,404,Rick Harrison
821,CEO,404,David Hua
822,,404,Scott A Garman
823,Other,404,Harrison Lee
824,CEO,405,Josh Hubball
825,,405,Damian Sowers
826,CTO,406,Liz Clarke
827,CEO,406,Derek Greenfield
828,Other,406,Noah Helman
829,Other,407,Allan Shin
830,Other,407,Kevin Shin
831,CEO,408,Ayse Akcura
832,Other,408,Tolga Ak√ßura
833,Other,409,Sandip Trivedi
834,CEO,410,William Baron
835,CTO,410,Mark Salpeter
836,CEO,411,Tom Harari
837,CEO,412,Angel Alonso Say
838,,412,Russell Varriale
839,CTO,413,Ben Herila
840,CEO,413,Jeffrey Shaw
841,CEO,414,Bruno Didier
842,CEO,415,Andres Felipe Diaz
843,,415,Carlos Saavedra
844,Other,416,Roy Law
845,CTO,416,Ming Lo
846,Other,416,Jon Yip
847,CEO,417,Wen Sang
848,CTO,417,Maokai Lin
849,Other,418,Kiah J. Williams
850,Other,418,Adam Kircher
851,Other,418,George Wang
852,CEO,419,Mike Mcneil
853,CEO,420,Beth Kolko
854,Other,421,Gregory Koberger
855,Other,422,Ritesh Patel
856,Other,423,Daniel Kobran
857,CEO,423,Dillon Thompson Erb
858,CEO,424,Nick Carson
859,CEO,425,Neil Thanedar
860,CMO,425,Rafael Ferreira
861,CTO,425,Helton Souza
862,CEO,426,Andrew Mccalister
863,CTO,426,Sean Watters
864,Other,427,Vladimir Novosselov
865,Other,427,Mark Prokoudine
866,Other,428,Edwin Broni-Mensah
867,CEO,429,Mike Duncan
868,,430,Dan Burton
869,Other,431,Tiffani Ashley Bell
870,Other,432,Pia Mancini
871,President,432,Santiago Siri
872,CEO,433,George Deglin
873,COO,433,Long Vo
874,,434,Jonah Greenberger
875,CEO,435,Mike Chen
876,CTO,435,Benjamin Godlove
877,Other,435,Aaron Kemmer
878,Other,435,David Merriman
879,Other,435,Nic Novak
880,CFO,435,Michael Rubin
881,Other,436,Jared Goodner
882,Other,436,Hugh Gordon
883,Other,436,Prashant Samant
884,CEO,437,Willis Wee
885,President,438,Paul Duan
886,,439,Caroline Cochran
887,CEO,439,Jacob Dewitte
888,CEO,440,Susan Johnson
889,Other,441,Maksim Izmaylov
890,Other,441,Jakub Vysok√Ω
891,CEO,442,Tom Shapland
892,CTO,443,Patrick Hannigan
893,Other,443,Ian Roberts
894,Other,444,Tim Ogilvie
895,CEO,445,Christopher Farm
896,Other,445,Amir Manji
897,CTO,446,Thomas Cottin
898,Other,446,Aboud Jardaneh
899,Other,446,Hamza Ouazzani Chahdi
900,Other,447,Christian Kletzl
901,Other,447,Stephan Kletzl
902,Other,448,Khanjan Desai
903,Other,448,Chong Shen
904,CEO,449,Zack Liscio
905,,449,Patrick Costello
906,CEO,450,Miles Penn
907,CTO,451,Charles Desouza
908,CEO,451,Brian Stewart
909,Other,452,Juan Benet
910,CTO,453,Andrew Kurland
911,CEO,453,Joe Marrapodi
912,Other,454,Hamed Saadat
913,CEO,454,Murtaza Saadat
914,CFO,455,Alan Guichard
915,CTO,455,Aakash Patel
916,CEO,456,Jugoslav Petkovic
917,CTO,456,Matija Rijavec
918,Other,456,Grisa Soba
919,Chief,457,Aubone Tennant
920,CEO,458,Johnny Chin
921,CTO,458,Antoine De Chevign√©
922,CEO,459,Fahim Aziz
923,CTO,459,Sakib Sauro
924,CEO,460,Frank Macreery
925,CEO,461,Naveen Jain
926,CEO,461,Reid Rubsamen
927,CEO,462,Matt Harris
928,Other,463,Varun Arora
929,CEO,464,John Lai
930,Other,465,Nick Sherstyuk
931,CCO,465,Tim Sherstyuk
932,CEO,466,Ooshma Garg
933,,467,Max Kolysh
934,,467,Doug Feigelson
935,Other,468,Julia Kurnia
936,,469,Jason Wang
937,CEO,470,Lona Alia
938,CEO,471,Jamal Ashraf
939,CEO,472,Yvonne Lin
940,CTO,473,David Mack
941,CEO,473,Chris Finneral
942,Other,474,Abbas Mehdi
943,Other,474,Somaira Punjwani
944,Other,475,Louise Broni-Mensah
945,Other,476,Christopher Hesse
946,CEO,476,Ryan Oldenburg
947,Other,476,Andre Von Houck
948,CEO,477,Matevz Petek
949,Other,478,Jim Robeson
950,CTO,478,Adam Saunders
951,CTO,479,Abeer Agrawal
952,Other,479,Hugh Edmundson
953,CEO,480,Rey Faustino
954,CTO,480,Eric Lukoff
955,CEO,481,Hyungseok (Dino) Ha
956,Other,482,Martin Stoyanov
957,Other,482,Teo Teodosiev
958,COO,483,Andrew Norris
959,Chief,483,Cobi Druxerman
960,CEO,483,Aaron Glazer
961,CTO,483,Jonathan Norris
962,CEO,485,Nick Winter
963,Chief,486,Katy Ashe
964,CEO,486,Edith Elliott
965,CEO,487,Reham Fagiri
966,Other,487,Kalam Dennis
967,President,488,Cecilia Corral
968,CEO,488,Vineet Singal
969,Other,489,Jared Houghton
970,COO,489,Brian Trautschold
971,CEO,489,Travis Truett
972,Other,490,Nicolas Michaelsen
973,Other,490,Henrik Zillmer
974,CTO,491,Nick Porter
975,COO,492,Claire Mcdonnell
976,CEO,492,Kai Stinchcombe
977,CEO,493,Preston Silverman
978,Other,494,Tobiasz Dankiewicz
979,Other,494,Michal Martyniak
980,CEO,495,Adam Hooper
981,CTO,495,Andy Norborg
982,,496,Chris Castiglione
983,CEO,497,Tobias Eichenwald
984,Other,498,Brett Northart
985,CEO,498,Rakesh Tondon
986,CEO,499,Jake Heller
987,CEO,500,Amir Elaguizy
988,,500,Alex Morse
989,CTO,501,Lukasz Kostka
990,CEO,501,Jakub Krzych
991,,502,Garrett Beck
992,COO,503,Brandon Malatest
993,Other,503,Victor Wollesen
994,Other,504,Glen Moriarty
995,CEO,505,Chase Adam
996,,505,Jesse Cooke
997,Other,505,Grace Garey
998,CEO,506,Walker Williams
999,CEO,507,Taro Fukuyama
1000,Chief,507,Sunny Tsang
1001,CEO,508,Michelle Crosby
1002,Other,509,Jared Heyman
1003,Other,510,Vivek Shah
1004,CEO,511,Andrew Seddon
1005,,512,Denny Luan
1006,,512,Cindy Wu
1007,CEO,513,Spencer Hewett
1008,CEO,514,Fei Deyle
1009,Other,515,Teng Bao
1010,CTO,515,Dafeng Guo
1011,CEO,515,David Haisha Chen
1012,CEO,516,Christian Romming
1013,CEO,517,Na'Ama Moran
1014,CEO,518,Nikhil Nirmel
1015,CEO,519,Nitesh Goel
1016,CEO,520,David Petersen
1017,Other,520,Jiyan Wei
1018,Other,521,Lior Abraham
1019,CTO,521,Bobby Johnson
1020,Other,522,Humberto Evans
1021,Other,522,Mike Robbins
1022,Other,523,Chris Chan
1023,Other,523,Derek Chan
1024,CEO,523,Ray Chan
1025,Other,523,Marco Fung
1026,Other,523,Brian Yu
1027,CEO,525,Kieran O'Neill
1028,CTO,525,Ben Phillips
1029,,526,Venky B
1030,,526,Michael Ricordeau
1031,CEO,527,David Cann
1032,Other,527,Marc Devidts
1033,CEO,528,Jonathan Tang
1034,CEO,529,Todd Sullivan
1035,Other,530,Maxwell Salzberg
1036,Other,530,Rosanna Yau
1037,,531,Samuel Clay
1038,CEO,532,Rikin Shah
1039,CEO,533,Chris Kelly
1040,Other,534,Matthew Huebert
1041,CEO,536,Katelyn Gleason
1042,CEO,537,Alex Mittal
1043,President,537,Boris Silver
1044,CEO,539,Dan Sugarman
1045,CEO,540,George Kalogeropoulos
1046,,540,Ning Liang
1047,CEO,541,Jay Komarneni
1048,Other,541,Irving Lin
1049,CEO,542,Mandar Agte
1050,CTO,543,Russell Smith
1051,CEO,543,Fred Stevens-Smith
1052,CEO,544,Tuyen Truong
1053,Other,545,Shashank Pandit
1054,Other,546,Jamie Cameron
1055,Other,546,Joe Cooper
1056,COO,547,John Marks
1057,Other,547,Matt Maroon
1058,Other,548,Justin Cannon
1059,Other,550,Sascha Kuzins
1060,Other,550,Patrick Swieskowski
1061,,551,Brian Fioca
1062,Other,551,Tony Wright
1063,CEO,552,Jeff Vyduna
1064,CTO,552,Brad Gessler
1065,,553,Ilia Baranov
1066,,553,Stefan Seltz-Axmacher
1067,Other,554,Jesse Beller
1068,Other,554,Sola Ogunsakin
1069,,555,Montana Scher
1070,,555,James Thompson
1071,,556,Hansel Hansel
1072,,556,Steven Walentino
1073,,557,Nicolas Bayerque
1074,,557,Pablo Orlando
1075,,557,Jack Saracco
1076,,557,Mary Saracco
1077,,558,Etienne Deguine
1078,,558,Chris Navrides
1079,,559,Ricky Barrett
1080,,559,Ananya Zutshi
1081,,560,Ijeoma Akwiwu
1082,,560,Nkiru Amadi-Emina
1083,,561,David Cox
1084,,561,Brycen Wershing
1085,,562,Gabriel B.
1086,,562,Max Cho
1087,,563,Philip Eller
1088,,563,Mathias Nestler
1089,,564,Zawad Chowdhury
1090,,564,Faisal Ilaiwi
1091,,565,Jahangir Mohammed
1092,,565,Bharath Kumar Reddy
1093,,566,Zj Lin
1094,,566,Sanjay Mandava
1095,,566,Jonathan Richards
1096,,567,Mikael Nida
1097,,568,Cameron Duncan
1098,,568,Nihar Parikh
1099,,568,Axle Labs
1100,,569,Daniel Carmona
1101,,569,Miquel Llobet
1102,,570,Stephanie Grayson
1103,,570,Leia De Guzman
1104,,571,Bryan He
1105,,571,David Ouyang
1106,,572,Berkay Adlim
1107,Other,573,Kelsey Pedersen
1108,Other,573,Michele Van Ruiten
1109,,574,Paras Rajput
1110,,574,Vedant Kumar
1111,,575,Kimberly Mcmanus
1112,,575,Sneh Patel
1113,,576,Jose Palacios
1114,,576,Christophe Robilliard
1115,,577,Joel Darin
1116,,577,Robert Keane Iii
1117,,578,James Bowers
1118,,578,Matt Williamson
1119,Other,579,Oriol Hernandez I Fajula
1120,Other,579,Marius Montmany
1121,,580,Rajat Jaiswal
1122,,580,Raghav Malik
1123,,581,Pradhith Konduri
1124,,581,Vidhi Vakharia
1125,,582,Jocelyn Kang
1126,,582,Caroline Zhang
1127,,583,Alex Chiou
1128,,583,Rahul Pandey
1129,,584,Edgar Cabrera
1130,,584,Andres Paez
1131,,585,Pranov Duggasani
1132,,585,Zoe Holderness
1133,,586,Emmanuel Rex Rodriguez
1134,,586,Joseph Tan
1135,,586,Henry Yeh
1136,,587,Chun Jiang
1137,,587,Ben Kramer
1138,,588,Aymar Dumoulin
1139,,588,Jeremy Gozlan
1140,,588,Louis De Jenlis
1141,,589,Abhi Patel
1142,,589,Adi Patel
1143,,590,Alison Liddy
1144,,590,Barry Mcdermott
1145,,591,Adit Patel
1146,,591,Maharshi Patel
1147,,592,Dimitris Nikolaou
1148,,592,Youssef Rizk
1149,,593,Kshitij Jain
1150,,593,Sanskar Jain
1151,,593,Hemant Phalak
1152,,594,Adil Bouhdadi
1153,,594,Harry Cheslaw
1154,,595,Bryan Onel
1155,,595,Ora Onel
1156,,596,Ch Haziq Ahmed
1157,,596,Hammad Bawany
1158,,596,Mohammad Ahsan Kidwai
1159,,596,Kassim Shroff
1160,,597,Sultan Alkhayal
1161,,597,Yasser Alshurihi
1162,,598,Carly Allen
1163,,598,Tara Raffi
1164,,599,Nathalie Capati
1165,,599,T. Dalton Combs
1166,,599,Matt Mayberry
1167,,600,Abdullah Alkharashi
1168,,600,Ammar Alkhouli
1169,,600,Motasim Zawawi
1170,,601,Ted Chai
1171,,601,Dylan Feng
1172,Other,602,Marshall Johnston
1173,Other,602,Alan Nowogrodski
1174,,603,Alexander Grant
1175,,603,Alexander Maher
1176,,603,Brady Ochse
1177,,603,Nicholas Yarmesch
1178,,604,Eric Ciarla
1179,,604,Garrett Frohman
1180,,604,Caleb Peffer
1181,,604,Nicolas Silberstein Camara
1182,,605,Noam Grebler Farras
1183,,605,Jp Montoya
1184,,606,Paulo Albuquerque
1185,,606,Patrick Mc Dougall Sterea
1186,,606,Bianca Orsini
1187,,607,Paul Adokiye Iruene
1188,,607,Henry Nneji
1189,,608,Alan Pham
1190,,608,Vikranth Srivatsa
1191,,608,Ivy Pham
1192,Other,609,Milad Moh
1193,Other,609,Inaz Novin
1194,,610,Alberto Gimeno
1195,,610,Carmelo Juanes
1196,,610,Adrian Ramirez
1197,,611,Alvaro Sosa
1198,,611,Fernando Varela
1199,,612,Tanmay Chaudhari
1200,,612,Vivek Kumar
1201,,612,Prashant Upadhyay
1202,,613,Mor·∫πÃÅNik·∫πÃÅ ·ªål√°√≤·π£eb√¨kan
1203,,614,Tim Ioannidis
1204,,614,Nikos Legbelos
1205,,614,Antonis Mitropoulos
1206,,615,Phelix Juma
1207,,615,Sidney Rema
1208,,616,Jonathan Aeschlimann
1209,,616,Louren√ßo Maciel
1210,,616,Pedro Nascimento
1211,,617,Christopher Chae
1212,,617,Sangyong Jung
1213,,617,Arthur (Hyun June) Kim
1214,,618,Jace Kendrick
1215,,618,Chandler Rogers
1216,,618,Nicholas Van Slooten
1217,,619,Abdallah Abuhashem
1218,,619,Amer Baroudi
1219,,619,Edward Yee
1220,Other,620,Sunny Sun
1221,Other,620,Alex Wolf
1222,,621,Andrea Bonapersona
1223,,621,Alexandre Casteau
1224,,621,Jean-Joseph Mariani
1225,,622,Anurag Dixit
1226,,622,Ramesh Konatham
1227,,622,Anshul Mishra
1228,Other,623,Chaitanya Sarda
1229,Other,623,Rushabh Shah
1230,,624,Tom Middleton
1231,,624,Brain Xiang
1232,,625,Itai Peri
1233,,625,Idan Shahar
1234,,626,Maciej Szcze≈õnik
1235,,626,Nathaniel Ventura
1236,,627,Sunny Bhagavathula
1237,,627,Nate Hamet
1238,,627,David Lawrence
1239,,627,Zach Meza
1240,,627,Shaishav Parekh
1241,,627,Matt Regan
1242,,628,Tom Bachant
1243,,628,Jake Mccloskey
1244,,629,Alexander Kuebel
1245,,629,Niklas Higi
1246,,629,Aike Hillbrands
1247,,629,Fabian Rothfu√ü
1248,,630,Segun Adeyemi
1249,,630,Gbekeloluwa Olufotebi
1250,,630,Olamide Sobowale
1251,,631,Sagar Agarwal
1252,,631,Gajendra Khatri
1253,,632,Felipe Dom√≠nguez
1254,,632,Sebastian Margozzini
1255,,632,Ignacio M√°rquez
1256,,632,Antonia San Martin
1257,,633,Shaan Franchi
1258,,633,Aviraj Singh
1259,,634,Noe Branagan
1260,,634,Nelson Munoz
1261,,634,Luis Pellerano
1262,,635,Kyle Hooten
1263,,635,Austin Mccoy
1264,,635,Manvir Singh
1265,,636,Saurabh Jain
1266,,636,Aahan Sawhney
1267,,637,Ian Eaves
1268,,638,Dan Goodman
1269,,638,Alex Pickett
1270,,639,Hakim Khalafi
1271,,639,Deepak Singla
1272,,640,Colin Elsinga
1273,,640,Dima Goncharov
1274,CTO,641,Fenn Bailey
1275,Other,641,Azim Barodawala
1276,Other,641,Tom Howard
1277,,642,Max Keenan
1278,,642,Angela Liu
1279,,642,James Liu
1280,CEO,643,Daniel Gomari
1281,,643,Brent Larue
1282,,644,Cedric Foudjet
1283,,644,Gwanygha‚ÄôA Gana
1284,,645,Femi Aluko
1285,,645,Olumide Ojo
1286,,645,Lanre Yusuf
1287,,646,Sibesh Kar
1288,,646,Shubham Mishra
1289,,647,Etai Avrahami
1290,,647,Tzachi Davidovich
1291,,647,Jake Vacovec
1292,,648,Daniel Putzer
1293,,648,Philipp Weber
1294,,649,Ryan Downing
1295,,649,Bryan Houlton
1296,,650,Egal Lazarev
1297,,650,Sasha Medvedovsky
1298,,651,Blesson Abraham
1299,,651,Jay Patel
1300,,652,Faza Fahleraz
1301,,652,Gery Nugraha
1302,,652,Albert Sahala Theodore
1303,,653,Timothy Carambat
1304,,653,Jorrel Sto Tomas
1305,,654,Jamie Balsillie
1306,,654,Wilson Ruotolo
1307,,655,Shyam Maddali
1308,,655,Vinodh Poyyapakkam
1309,,656,Alexandre Roubaud
1310,,656,Kabir Sethi
1311,,657,Nikita Ermoshkin
1312,,657,Brendan Quinn
1313,,658,Abhinav Chugh
1314,,658,Alagu M
1315,,659,James Chen
1316,,659,Jensen Kuo
1317,,660,Evis Drenova
1318,,660,Nick Zelei
1319,,661,David Marquez
1320,,661,Josh Supan
1321,Other,662,Dan Burke
1322,Other,662,Akhil Reddy
1323,,663,Juan Alvarez
1324,,663,Juanjo Ferrero
1325,,663,Federico Garcia Dura
1326,,663,Mariano Lisiotti
1327,,663,Ignacio Santa Cruz
1328,,664,Brendan Ardagh
1329,,664,Luigi La Corte
1330,,665,Matias Gath
1331,,665,Agustin Iglesias
1332,,666,Shardul Lavekar
1333,,666,Parth Mudgal
1334,,667,Artem Bugara
1335,,667,Maksym Sugonyaka
1336,,668,Janis Berneker
1337,,668,David Eberle
1338,,669,Nikhil Shah
1339,,669,Apoorve Singhal
1340,,670,Cayter Goh
1341,,670,Thomas Jiang
1342,,670,Jonathan Low
1343,,671,Deema Adada
1344,,671,Guillaume Lo Re
1345,,672,Tal Auslander
1346,,672,Moti Elkayam
1347,,672,Daniel Haven
1348,,673,Daniel Lenton
1349,,674,Aldo Del Valle
1350,,675,Ernie Ho
1351,,675,John Lin
1352,,676,Arvind Ramesh
1353,,676,Raimie Tang
1354,,677,Anton Pluschke
1355,,677,Marilena Schmich
1356,,678,Ed Adjei
1357,,678,Eric Adjei
1358,,678,Gladys Adjei
1359,Other,679,Ravi Bakhai
1360,Other,679,Narahari Bharadwaj
1361,,680,Elliot Denolf
1362,,680,James Mikrut
1363,,680,Dan Ribbens
1364,,681,Vicki Mo
1365,,681,Ruby Yu
1366,,682,Daniela Bahamon Arango
1367,,682,Mika Eddy
1368,,682,Orlando Li
1369,,683,Michael Royzen
1370,,683,Justin Wei
1371,,684,Benjamin Alva
1372,,684,Jesse Evans
1373,,684,Eric Herrera
1374,,685,James Hu
1375,,685,Eldrick Millares
1376,,686,Dane Cook
1377,,686,Jad Rahbany
1378,,686,Matthew Rybak
1379,,687,Asaf Amit
1380,,687,Yaniv Knoll
1381,,688,Hassan Lantry
1382,,688,Sami El Bouari
1383,,689,Ishan Gupta
1384,,689,David Paffenholz
1385,Other,690,Savraj Singh
1386,,691,Eudelio Garza
1387,,691,Javier Roberts
1388,,691,Ricardo Villarreal Chapa
1389,,692,Miha Mlakar
1390,,692,Mourad Mourafiq
1391,,693,Naimisha Rao
1392,,693,Dilip Jain
1393,,693,Manthan Shah
1394,,694,Jakub Cichon
1395,,694,Bruno Jacob
1396,,694,Dylan Mikus
1397,,694,Ben Sadeghi
1398,,695,Ruben Fiszel
1399,Other,696,Mohammad Abuaboud
1400,Other,696,Ashraf Samhouri
1401,,697,Graham Doig
1402,,697,William Sutton
1403,,698,Priyansh Srivastava
1404,,698,Sriyansh Srivastava
1405,,699,Julian Rowlands
1406,CTO,699,Ashwin Balamohan
1407,,700,Sarup Banskota
1408,,700,Paul Kuruvilla
1409,,701,Solal Afota
1410,,701,Nathaniel Masfen-Yan
1411,,701,Dhruv Mangtani
1412,Other,702,Joseph Nuriel
1413,Other,702,Guy Shahar
1414,,703,Arjun Bisen
1415,,703,Tad Mielnicki
1416,,703,Zara Perumal
1417,,704,Tunde Adewole
1418,,704,Festus Owumi
1419,,705,Myra Arshad
1420,,705,Avneet Ghotra
1421,,706,Hannah Olson
1422,,706,Kai Keane
1423,Other,707,Beau Allison
1424,Other,707,Philip Kelvin
1425,,708,Fiyi Adebekun
1426,,708,Jared Boisvert
1427,,708,Prosser Cathey
1428,,708,Hudson Hooper
1429,,708,Cooper Jones
1430,,709,Dustin Lange
1431,,709,Tammo Rukat
1432,,710,Leo Chanea
1433,,710,Gil Peretz
1434,,710,Guy Ziv
1435,,711,Jacob Fortinsky
1436,,711,Kelechi Ukah
1437,,712,Kadir Samed Karagoz
1438,,712,Griffin Wheeler
1439,,713,Okky Pratama
1440,,713,Ans Syuhada
1441,,714,John Goertz
1442,,714,Celestin De Wergifosse
1443,,715,Etienne Bernard
1444,,715,Samuel Bernard
1445,Other,716,Nitzan Gelbard
1446,Other,716,Noam Izhaki
1447,Other,716,Alon Peretz
1448,,717,Deepanshu .
1449,,717,Smit Patoliya
1450,,718,Mikey Murphy
1451,,718,Shane Murphy
1452,,719,Max Lu
1453,,720,Himanshu Minocha
1454,,720,Rohan Minocha
1455,,721,Tarun Prasad
1456,,721,Kabir Nagral
1457,,721,Deepit Patil
1458,,722,Ishwar Gogineni
1459,,722,Parth Shah
1460,,722,Sidharth Rao
1461,,723,Matthew Iommi
1462,,723,Justin Rath
1463,,724,Andrew Peterson
1464,,724,Jose Isaac Robledo
1465,Other,725,Hetal Shah
1466,Other,725,Rakesh Tondon
1467,Other,725,Charlie Bowman
1468,,726,Maxwell Sherman
1469,,726,Adam Yaari
1470,,727,Daniel Akle Carranza
1471,,727,Fran Guzman
1472,,727,Antonio Longoria
1473,,728,Matt Sun
1474,,728,Daniel Wasserlauf
1475,,729,Bilal Dahlab
1476,,729,Kuassi Jimmy Kumako
1477,,729,Shams Radjabaly
1478,,730,Luke Singham
1479,,730,Matt Sutton
1480,Other,731,Joao Victor Aguiar
1481,Other,731,Vitor Gomes Miranda
1482,Other,731,Rodrigo Marino
1483,,732,Kushagra Manglik
1484,,732,Srinivas Sarkar
1485,,733,Matt Brown
1486,,733,Vasilica Coscotin
1487,,733,Jonty Knox
1488,,734,Simar Kohli
1489,,734,Samik Shrotriya
1490,Other,735,Danny Hakimian
1491,Other,735,Max Morlocke
1492,,736,Elad Fouks
1493,,736,Shahaf Gonen
1494,,737,Michael Gygli
1495,,737,Nikolay Kobyshev
1496,,737,Karim Saleh
1497,,738,Clement Bruneau
1498,,738,Loic Veillard
1499,,739,Salem Abu-Hammour
1500,,739,Youssef Said
1501,,739,Faris Yaghmour
1502,,740,Logan Frederick
1503,,740,Zheng Hao Tan
1504,,741,Ignacio Ampuero
1505,,741,Pauline Roteta
1506,,741,Julie Scotland
1507,,742,Brendan Ashworth
1508,,742,Michael Egan
1509,,743,Nick Browne
1510,,743,Edward Clayton
1511,,744,Yo Shibata
1512,,744,Misato Takahashi
1513,Other,745,Neo Cho
1514,Other,745,Alex Reyes
1515,,746,Aaron Kahane
1516,,746,Drew Schneider
1517,,746,Salomon Serfati
1518,,747,Justin Clark
1519,,747,Dillon Martin
1520,,747,Nicholas Mccormick
1521,,747,Zach Mccormick
1522,,748,Hazim Jumali
1523,,748,John Rising
1524,,749,Henson Orser
1525,,749,Max Ponte
1526,,750,Thomas Moore
1527,,750,Ted Power
1528,,751,Ashish Agarwal
1529,,751,Pratik Mundra
1530,,752,Gaurav Aggarwal
1531,,752,Anuja Verma
1532,,753,Allison Bellows
1533,,753,Agni Bhattacharya
1534,,754,Rohan Doshi
1535,,754,Prathik Muppidi
1536,,755,Neil Assur
1537,,755,Johan Kers
1538,,756,Ross Geiger
1539,,756,Richard Lee
1540,,756,David Winer
1541,,757,Rahul Sonwalkar
1542,,757,Tanuj Tiwari
1543,,758,Andrew Duberstein
1544,,758,Dayton Thorpe
1545,Other,759,Utkarsh Tandon
1546,,760,Ryan Endacott
1547,,760,Drew Wetherington
1548,,761,Emmanuel Turlay
1549,,762,Amey Chaugule
1550,,762,Matt Green
1551,,763,Charles Bai
1552,,763,James Mcwalter
1553,,764,Eilam Levitov
1554,,764,Eric Yen
1555,,765,Amit Bar
1556,CEO,765,Ehud Halberstam
1557,,766,David Abusaid
1558,,766,George Marvin
1559,,767,Warren Lee
1560,,767,Michael Shi
1561,,768,Joe Averbukh
1562,,768,Stepan Parunashvili
1563,,769,Fabien Devos
1564,,769,Naren Manoharan
1565,,770,Ben Reilly
1566,,770,Colin Snyder
1567,,771,Hari Bhaskaran
1568,,772,Arjun Soin
1569,,773,Arnav Bathla
1570,,774,Alex Duta
1571,,774,Shamoil Soni
1572,,775,Abhay Agarwal
1573,,775,Sam Young
1574,,776,Piero Nunez Del Risco
1575,,776,Luis Pe√±a
1576,,777,Nizar Batada
1577,,778,Alex Kilkka
1578,,778,Olly Wilson
1579,,779,Rahul Agarwal
1580,,779,Cody Ebberson
1581,,779,Reshma Khilnani
1582,,780,Vansh Langer
1583,,781,Julien Cottineau
1584,,781,David Delbourgo
1585,,782,Divij Goyal
1586,,782,Indrajeet Roy
1587,,782,Ankit Shrivastava
1588,,783,Chris Hill
1589,,783,Cory O'Daniel
1590,,783,David Williams
1591,,784,Gaurav Bharaj
1592,,784,Benjamin Colman
1593,,784,Ali Shahriyari
1594,,785,Piotr Godzinski
1595,,785,Julian May
1596,,786,Jose Tomas Lobo
1597,,786,Sebastian Ortiz
1598,,786,Juan Camilo Poveda
1599,,786,Salomon Zarruk Valencia
1600,,787,David Mokos
1601,,787,Adam Zvada
1602,,788,Dekha Anggareska
1603,,788,Gabriel Frans
1604,,788,Christian Lie
1605,,789,Brant Choate
1606,,790,Widijastoro Nugroho
1607,,790,Larry Ridwan
1608,,790,Andre Septiano
1609,,791,Jeffrey D. Epstein
1610,,791,Will Stevenson
1611,,792,Josh Howland
1612,,792,Trevor Mckendrick
1613,,793,Mario Gaw
1614,,793,Kristian F H Sinaulan
1615,,794,Jay Chia
1616,,794,Sammy Sidhu
1617,,795,Alex Conway
1618,,795,Sascha Lang
1619,,796,Shawn Drost
1620,,796,Terence Vomocil
1621,,797,Reinhart Hermanus
1622,,797,Philip Moniaga
1623,,797,Sebastian Yaphy
1624,,798,Tobias M√ºller
1625,,798,Yannick M√ºller
1626,,799,Blanca Espinosa
1627,,799,Jorge Moreno Sanchez Briseno
1628,,799,Jorge Vizcayno
1629,,800,Felipe Restrepo
1630,,800,Camilo Ruiz
1631,,801,Kapil Bakshi
1632,,801,Peter Thomas
1633,,802,Jose Alberto Gonzalez Rouille
1634,,802,Mads Schmidt Petersen
1635,,803,Yonathan Faber
1636,,803,Renan Oliveira
1637,,803,Gustavo Piedade
1638,,804,Hao Zheng
1639,,805,Florian Braeuer
1640,,805,Marvin Musialek
1641,,806,Phillip Gulley
1642,,806,Matthew Haber
1643,,807,Ian Rust
1644,,808,Rahul Anand
1645,,808,Rob Mcewan
1646,,809,Gesa Biermann
1647,,809,Florian Fincke
1648,,809,Jonas Kerber
1649,,810,Valentin Chomel
1650,,810,Eloa Guillotin
1651,,810,Hugo Tarl√©
1652,,811,Sean Doherty
1653,,811,Timothy Goltser
1654,,811,Curtis Mason
1655,,812,Beth Hoffman
1656,,813,Greg Kufera
1657,,813,Herman Phillips
1658,,813,Roger Tran
1659,,814,Mark Cyffka
1660,,814,Sudip Mukhopadhyay
1661,,815,Nidhi Jain
1662,,815,Prasanna Naik
1663,,816,Insa Mohr
1664,,816,Jochen Mueller
1665,,817,Sean Ang
1666,,817,Geoffrey See
1667,,817,Van Tran
1668,Other,818,Roshni Aslam
1669,Other,818,Mohammed Roshan
1670,,819,Philip Brinkmann
1671,,819,Felix Steinbrenner
1672,,819,Fabian Warmdt
1673,,820,Andy Sudarman
1674,,821,Jason Gillham
1675,,821,Renee Grogan
1676,,821,Oliver Gunasekara
1677,,822,Tim Hyer
1678,,822,Nicholas Meyers
1679,,823,Dirk Jan Van Veen
1680,,823,Walter Pintor
1681,,824,Anh-Tuan Bui
1682,,824,Alexander Kwan
1683,,825,Yaniv Bernstein
1684,,825,George Oliver
1685,,825,Nick Ramsay
1686,,825,Pantha Roy
1687,,826,Kushal Pillay
1688,,826,Ivo Verhaegh
1689,,827,Felipe Abello
1690,,827,Angela Castillo
1691,,828,Ngoc Nguyen
1692,,828,Quan Nguyen
1693,,829,Eren Canarslan
1694,,829,Jasmine Sungu
1695,,830,Dillon Carns
1696,,830,Alex Feiszli
1697,,831,Shashank Khanna
1698,,831,Rebecca Lee
1699,,831,Charlotte Mcginn
1700,,832,Brian Bristol
1701,,832,Kaben Clauson
1702,,833,Janice Min
1703,,833,Richard Rushfield
1704,,834,Abdulhamid Haidar
1705,,835,Rory Mcmeekin
1706,,835,Christopher Mjelde
1707,,836,Alan Chan
1708,,836,Yeefun Lin
1709,,836,Ethan Wu
1710,Other,837,Naina Limbekar
1711,Other,837,Rahul Sharma
1712,,838,Kathryn Cross
1713,,839,Kareem Kouddous
1714,,839,Rob Morris
1715,,840,Mj Kim
1716,,841,Shyam Kalairajah
1717,,841,Reinaldo Tendean
1718,,841,Shylla Pramadhani
1719,,842,Max Clarke
1720,,842,Tommy Peeples
1721,,842,Ranajay Sen
1722,,843,Alexandra Amico
1723,,843,Maca Baigorria
1724,,844,Muhammad Shamoon Tariq
1725,,846,Merwane Drai
1726,,847,Duc Pham
1727,,847,Tung Tran
1728,,848,Aaron Tran
1729,,849,Ross Gruber
1730,,849,Greg Sirotek
1731,,850,Don Engel
1732,,850,Quyen Hua
1733,,850,Ricky Nariani
1734,,850,Bill Newhart
1735,,851,Nicolas Benenzon
1736,,851,Geronimo Maspero
1737,,852,Kai (Jiabo) Feng
1738,,853,Marc Allen
1739,,853,Grace Sai
1740,,854,Jennifer Curtin Md
1741,,854,Ryan Kellogg
1742,,855,Oren Friedman
1743,,855,Alec Robins
1744,,856,Bobby Pinckney
1745,,856,Michelle Yin
1746,,857,Toby Edward
1747,,857,Alexandra Zwiener
1748,,858,Sanket Agarwal
1749,,858,Abhi Arora
1750,,859,Siddhi Mittal
1751,,859,Heinin Zhang
1752,,860,Horacio Faudella
1753,,860,Andr√©s Gonz√°lez - Olaechea
1754,,860,William Wong
1755,,861,Eduardo Blancas
1756,,861,Ido Michael
1757,,862,Christy Johnson
1758,,862,Ryan Johnson
1759,,862,Lauren Sullivan
1760,,863,Eduardo Amaya
1761,,863,Debashish (Deb) Bhadra
1762,,863,Gianfranco Gentille
1763,,864,Michael Luo
1764,,865,Shai Bruhis
1765,,865,Daniel Camilleri
1766,CEO,865,Tullie Murrell
1767,,866,Salman Allana
1768,,867,Alex Sergeev
1769,,867,Marat Zhanabekov
1770,,868,Daniel Lewis
1771,,868,Nick Rubin
1772,,869,Murillo Freitas
1773,,869,Guilherme Guerra
1774,,869,Ythalo Silva
1775,,869,F√°bio Witt
1776,,870,Omar Said L√≥pez Tronco
1777,,870,Marisol S√°nchez
1778,,871,Alejandro Flores-Hernandez
1779,,871,Mauricio Mart√≠nez
1780,,872,Chris Hsu
1781,,872,Steve Troy
1782,,873,Fai Nur
1783,,873,Blossom Okonkwo
1784,,873,Great Okonkwo
1785,,874,Rafal Pielak
1786,,874,Jen Wan
1787,,875,Alexander Carlson
1788,,875,Will Collier
1789,,875,Charlie Durbin
1790,,875,Will Kantaros
1791,,876,Taylor Baldwin
1792,,876,Paul Butler
1793,,877,Oban Mactavish
1794,,877,Cooper Hart
1795,,878,Andrei Soroker
1796,,879,Andrew Israel
1797,,880,Gabriel Barreto
1798,,880,John Burnham
1799,,880,Samuel Burnham
1800,,881,Emil Dalg√•rd Rasmussen
1801,,881,Kamil Ryszkowski
1802,,882,Junaid Babatunde
1803,,882,Moses Enenwali
1804,,883,Yazin Alirhayim
1805,,884,Gorka Aguirre
1806,,884,Juan Coll Soler
1807,,885,Arosha Brouwer
1808,,885,Lucy Howie
1809,,886,Aamir Hudda
1810,,886,Joseph Yeh
1811,,887,Soumyajit Das
1812,,887,Samay Jain
1813,,888,Zhixuan Lai
1814,,888,Haoyu Zha
1815,,889,Teddy Li
1816,,889,Weeks Mensah
1817,,889,Kwadwo Nyarko
1818,,890,Danilo Cabello
1819,,890,Jason Goldlist
1820,,890,Pei Li
1821,,890,Frank Poon
1822,,891,Maxim Perumal
1823,,892,Ulises Carrasco
1824,,892,Mahmoud Parto
1825,Other,893,Jovan Choongh
1826,Other,893,Karan Grover
1827,,894,Zachary Kirby
1828,,894,Avery Yip
1829,,895,Kuberan Marimuthu
1830,,896,Brad Brenner
1831,,896,Kevin Bunarjo
1832,,896,Isaac Eaves
1833,,897,Vinesh Arun
1834,,897,Kunal Garg
1835,,897,Ian Yanusko
1836,Other,898,Justin Cannon
1837,,899,Miran Junaidi
1838,,899,Sourav Sanyal
1839,,900,Christian Hermawan
1840,,900,Fajar Kuntoro
1841,,900,Daniel Van Leeuwen
1842,,900,Hendry Chou
1843,,901,Ben Best
1844,,901,Catherine Denis
1845,,901,Mina Shahid
1846,,902,Jeremy Albinet
1847,,902,Chafik Belhaoues
1848,,903,Celilsemi Sam Erkiner
1849,,903,Jeevika Makani
1850,,904,Neil Chen
1851,,904,Nish Ithayakumar
1852,,904,Liusha Huang
1853,,905,Mason Chilmonczyk
1854,,906,Ingrid Van Welie
1855,,907,Maria Doliashvili
1856,,907,Ana Robakidze
1857,,908,Nelson Jones
1858,,908,Saaras Mehan
1859,,909,Omar Shams
1860,,910,Sebastian Arce
1861,,910,Ruben Cordoba
1862,,910,Vladimir Guzman
1863,,911,Alexander Bj√∂rkenstam
1864,,911,Edvin Fernqvist
1865,,911,Benjamin Waye
1866,,912,Yohan Elbase
1867,,912,Kevin Ohana
1868,,913,Craig Weiss
1869,,914,Shourya Lala
1870,,914,Manish Maryada
1871,,915,Abhishek Jain
1872,,915,Aditya Ketkar
1873,,916,Jill Boyce
1874,,916,Basel Salahieh
1875,,917,Forrest Briggs
1876,Other,918,Tunde Akinnuwa
1877,Other,918,Emeka Okwuagwu
1878,Other,918,Yele Oyekola
1879,,919,Manish Reddy
1880,,919,Sarthak Agrawal
1881,,920,Chung Wong
1882,,920,Tin Wong
1883,Other,921,Lee C. Lin
1884,Other,921,Lawrence Zhou
1885,,922,Jitin Bhasin
1886,,922,Gaurav Luthra
1887,,922,Anurag Varma
1888,,923,Tim Lee
1889,,923,Ben Wong
1890,,924,Paulin Andurand
1891,,924,Nicolas Le Jeune
1892,,925,Haakon Brunell
1893,,925,Hans Arne Fl√•to
1894,,925,Kristoffer Roil
1895,,926,Brad Sickles
1896,,926,Scott Sickles
1897,,927,Youmin Kim
1898,,928,Gabriel Archanjo
1899,,928,Lorhan Caproni
1900,,929,Hakeem Adeyemi Orewole
1901,,929,Bashir Aminu
1902,,929,John Anisere
1903,,930,Phil Brennan
1904,,930,Glen Wise
1905,,931,Lione Alushula
1906,,931,George Mbuthia
1907,,931,Anthony Wagacha
1908,,932,Joybroto Ganguly
1909,,932,Sriramkumar Sundararaman
1910,,933,Akshat Singhal
1911,,933,Pratik Mohapatra
1912,,934,Femi Iromini
1913,,934,Adedapo Sobayo
1914,,935,Perry Zheng
1915,,936,Gary Lin
1916,Other,937,Tomi Amao
1917,Other,937,Sam Keiru
1918,,938,Sinan Ismail
1919,,939,Anna Joo Fee
1920,,940,Alexandros Chaaraoui
1921,,940,Oleg Kozynenko
1922,,940,Jose Padilla
1923,,940,Jose Luis Perez
1924,,940,Pedro Trujillano
1925,,941,Jd Dance
1926,,941,Joseph Sciarrino
1927,Other,942,Preeti Bhargava
1928,,942,Nitesh Shroff
1929,,943,Neeraj Dasila
1930,,943,Govinda Upadhyay
1931,,944,Siamak Freydoonnejad
1932,,944,Sina Zargaran
1933,,945,David Hayes
1934,,945,Manu Zope
1935,Other,946,Joel Koshy
1936,Other,946,Rahul Mallapur
1937,Other,946,Bently Nixon
1938,,947,Phillip Aubrey
1939,,948,Daniel Afolayan
1940,,949,Kayode Disu
1941,,949,Peter Ekunkoya
1942,,950,Arcadiy Golubovich
1943,,951,Robert Hinckley
1944,,951,Austin Petersen
1945,,951,Alexander Steffen
1946,,952,Mark Fischel
1947,,952,Harry Humfrey
1948,,952,Will Taylor
1949,,953,Eduardo Ortiz De Lanzagorta Gonzalez
1950,,954,Primerose Katena
1951,,954,Felix Manford
1952,,954,Derrick Mungai
1953,,954,Evans Darbo Boateng
1954,,955,Emmanuel Aina
1955,,955,Subomi Oluwalana
1956,,956,Andrew Airelobhegbe
1957,,956,Impact Airelobhegbe
1958,,956,Praise Osagie
1959,,956,Godstime Asine
1960,,957,Tobi Ololade
1961,,957,Ayomide Oso
1962,,958,Kashif Saleem
1963,,959,Ben Sand
1964,,960,Joseph Femi Aghedo
1965,,960,Idorenyin Obong
1966,,961,Faouzi El Yagoubi
1967,,961,Anji Ismail
1968,,962,Farooq Tirmizi
1969,,962,Uzair Mahmud
1970,,963,Callum Ferguson
1971,,963,Cameron Ferguson
1972,,964,Daria Balatsky
1973,,964,Alex Brown
1974,,964,Caroline Mckeon
1975,,965,Phi Dang
1976,,965,Jasmine Huynh
1977,,966,Niyi Adegboye
1978,,966,Lanre Ogungbe
1979,,966,Ebuka Obi
1980,,967,Tyler Carbone
1981,,967,Amir Tarighat
1982,,968,Joakim Bruchmann
1983,,968,Oscar Vingtoft
1984,,969,Aman Bhayana
1985,,970,Arsalan Bashir
1986,,971,Fabio Schmidberger
1987,,971,Marcel Schmidberger
1988,,971,Erik Ziegler
1989,,972,Sachin Jain
1990,,972,Sagar Soni
1991,,973,Tamanjit Bindra
1992,,973,Snehanshu Gandhi
1993,,973,Gaurav Shrishrimal
1994,,974,Robert Nyangate
1995,,974,Alphas Sinja
1996,Other,975,John Flash Dada
1997,Other,975,Henry Mascot
1998,,976,Amr Yussif
1999,,976,Matthieu Capelle
2000,Other,977,Sipra Laddha
2001,Other,977,Shama Rathi
2002,,978,Vamsee Koneru
2003,,979,Tom Firth
2004,,980,Aditya Padwal
2005,,980,Jai Thirani
2006,,981,Robert Baron
2007,,981,James Jara
2008,,981,Federico Pati√±o
2009,,982,Minh Chung Hoang
2010,,982,Wesley Zheng
2011,,983,Erica Du
2012,,983,Jennifer Liu
2013,,984,John Jost
2014,,984,Maxim Karpov
2015,Other,985,Ricardo W√∂lker
2016,Other,985,Alexander Von Boetticher
2017,,986,Umair Aslam
2018,,986,Sameel Hayat
2019,,986,Shoaib Khan
2020,,986,Fawad Hussain
2021,,987,Asher Adeniyi
2022,,987,Kingsley Michael
2023,,987,Efosa Uwoghiren
2024,,988,Ezequiel Bucai
2025,,988,Lucrecia Porta
2026,,989,Rakesh Goyal
2027,,990,Hernan Lopez Conde
2028,,990,Santiago Pezzoni
2029,,991,Juan Diego Galvez
2030,,991,Federico Benavides
2031,,992,Coco Zuloaga
2032,,992,Aaron Neiderhiser
2033,,993,Yinka Elujoba
2034,,993,Eni Joshua
2035,,994,Zack Field
2036,,994,Rani Mavram
2037,,995,Sandilya Miduthuri
2038,,995,Chalam Pvs
2039,,996,Michael Do
2040,,996,Phuoc Tran
2041,,997,Kunal Popat
2042,,997,Rachit Puri
2043,,998,Udita Pal
2044,,998,Ankit Parasher
2045,,999,Roy Stillwell
2046,,1000,Malcolm-Wiley Floyd
2047,,1000,Scott Fritz
